{
  "generated_at_utc": "2026-04-06T04:04:47.249811+00:00",
  "runs_per_case": 3,
  "baseline_cli": "target/original-baseline/bzip2",
  "safe_cli": "target/compat/bzip2",
  "cases": [
    {
      "case": "textual-16m",
      "input_bytes": 16777216,
      "compressed_bytes": 1112642,
      "compression": {
        "baseline_runs_s": [
          0.8654288819525391,
          0.8701957929879427,
          0.8624072149395943
        ],
        "safe_runs_s": [
          1.4515338169876486,
          1.4541542560327798,
          1.4602950219996274
        ],
        "baseline_median_s": 0.8654288819525391,
        "safe_median_s": 1.4541542560327798
      },
      "decompression": {
        "baseline_runs_s": [
          0.21693126508034766,
          0.20965900993905962,
          0.2178185610100627
        ],
        "safe_runs_s": [
          0.2267184010706842,
          0.22648537904024124,
          0.2225064169615507
        ],
        "baseline_median_s": 0.21693126508034766,
        "safe_median_s": 0.22648537904024124
      },
      "sha256": {
        "input": "862a5d922ae31c37090540d6b4a4e06e5de86d22a4e1d325182c3fd141899f91",
        "compressed": "ced4affed3071ca14c70cf8c6c23aa1693d077286ef697775fe24aa584fcd1db"
      }
    },
    {
      "case": "mixed-24m",
      "input_bytes": 25165824,
      "compressed_bytes": 3827707,
      "compression": {
        "baseline_runs_s": [
          3.8590649580582976,
          3.861696202075109,
          3.907215688144788
        ],
        "safe_runs_s": [
          5.872686852933839,
          6.294386471156031,
          5.904287349898368
        ],
        "baseline_median_s": 3.861696202075109,
        "safe_median_s": 5.904287349898368
      },
      "decompression": {
        "baseline_runs_s": [
          0.3184194089844823,
          0.317043568007648,
          0.3187854690477252
        ],
        "safe_runs_s": [
          0.3218447130639106,
          0.32611591392196715,
          0.3232699381187558
        ],
        "baseline_median_s": 0.3184194089844823,
        "safe_median_s": 0.3232699381187558
      },
      "sha256": {
        "input": "585eda7401aeb258ee092cdfc8f10fcd6ed7eb83019f61abd5866f2500062414",
        "compressed": "ddd7637f36aa4c7f81f411f124a4659fd832a1c61241481f74a433b98a801e8e"
      }
    },
    {
      "case": "random-8m",
      "input_bytes": 8388608,
      "compressed_bytes": 8425793,
      "compression": {
        "baseline_runs_s": [
          0.4509822779800743,
          0.44649756723083556,
          0.45049357903189957
        ],
        "safe_runs_s": [
          0.40225989115424454,
          0.40189669700339437,
          0.403990029823035
        ],
        "baseline_median_s": 0.45049357903189957,
        "safe_median_s": 0.40225989115424454
      },
      "decompression": {
        "baseline_runs_s": [
          0.2807407369837165,
          0.28315367083996534,
          0.28275496303103864
        ],
        "safe_runs_s": [
          0.3218332501128316,
          0.3193486570380628,
          0.3173222600016743
        ],
        "baseline_median_s": 0.28275496303103864,
        "safe_median_s": 0.3193486570380628
      },
      "sha256": {
        "input": "04a7132d420e1784950173044b4e7fb4b5548d6f13109f4e29be00e5e0e3c723",
        "compressed": "d848c8ead89c17ffd4c8a60f28fa58eedcedbd5c06fd1e2d96208898d2e5ee28"
      }
    }
  ]
}
